0,ğŸ‘ï¸,
0,ğŸ˜Š,
0,( ^ o ^ ),
0,e,
0,pumpkin,
0,ğŸ’ ,
0,"Japanese ""No Vacancy"" Button",
0,[redacted],
0,ğŸ‚,
0,the poo one,
0,:Troll~2:,
0,Deez Nuts,
0,"asuhfuhdjfksjfkdgndmfandamh,aheoiahnkergmaoiemrgs.dh,mhmd,fgms,fgmaemeiog :darako:",
0, ğŸ¥º,
0,heart,
0,pleading,
3,,cat
0,,hi
0,ğŸ’¯,
0,,×”×™×™×“×”
0,horns,
0,:),
0,,asdasd
0,,cat
0,,me
0,none,
0,:_,
0,,Free
0,,w
0, å½¡(ï¾Ÿ)(ï¾Ÿ),
0,Smiley,
0,,zzz
0,ğŸ‘,
0,ğŸ˜…,
0,,Why account for free product?
0,â˜º,
0,Wink,
0,,best
0,none,
0,,Locks good
0,,"Not your buisness, lol"
0,smile,
0,,thank you for the freebie
0,,hello! :-)
0,XD,
0,,weird
0,Â¯\_(ãƒ„)_/Â¯,
0,8-),
0,|m|,
0,,rock n' roll
0,smilie,
0,,first
0,Accord,
0,,Hi
0,,DFDS
0,,oasis
0,smile,
0,,pff
0,,VU
0,,uv
0,GFH,
0,,thanks!
0,,great
0,,thank you
0,:-),
0,:-),
0,,fruit
0,ğŸ¤¤,
0,,Thanks for your work
0,,as
0,smily,
5,happy face,
0,,1
0,:),
0,,Ladida
0,,MINDMELT
0,,[redacted]
0,rtrert,
0,,music
0,smile,
0,ğŸ¤—,
0,hugs,
0,jll,k
0,,
0,ğŸ”¥,
0,,Tiddies
0,,dhsd
0,smile,
0,:),
0,,Hi!
0,,sausage
0,:-),
0,,oioppijujiuj
0,,err
0,,good like
0,cool,
0,df,
0,ğŸ˜€,
0,:hug:,
0,,dfas
0,ğŸŒ ,
0,,Thanx!
0,,as
0,:0,
0,m,
0,ğŸ˜Š,
0,,VU
0,:),
0,Poo,
0,,me
0,,[redacted]
0,,Audio
0,,free
0,,Thank you!
0,Idk,
0,,Greetings from Russia!
0,,metering matters
0,smiley,
0,,vu
0,,wadawda
0,:(,
0,,what
0,,l
0,,nag
0,[redacted],
0,,Thanks
0,,VU-Meter
0,orz,
0,,free
0,,nada
0,clown,
0,,free
0,smile,
0,,)
0,,ooh
0,,excited
0,,p
0,:),
0,smile,
0,,merci
0,,)
0,,SOLOPROTON
0,poo,
0,,musica electronica
0,Nexuss,
0,,VU
0,,pretty
0,ğŸ˜²,
0,,good day
0,,pussy
0,,[redacted]
0,,yo
0,,[redacted]
0,ğŸ’,
0,,classic
0,:),
0,:v,
0,,[redacted]
0,scowly face,
0,ğŸ˜Š,
0,,[redacted]
0,:(,
0,,Produccion Musical
0,,you <3 haha
0,,poop
0,,muito lindo esse vu!
0,,1
0,@,
0,<3,
0, the 8 bit alien,
0,k,
0,,Awsome!
0,:),
0,,vu
0,pepelaugh,
0,,GOOD
0,:),
0,ğŸ‘•,
0,,Gift
0,:-),
0,smile,
0,[redacted],
0,no,
0,,what
0,,GrÃ¡tis 
0,,food
0,,P
0,,Kuh
0,,lol
0,quick,
0,,If it is a valuable plugin.  I will pay for it on my next purchase.
0,ğŸ˜‚,
0,Me,
0,heart,
0,:-),
0,,potato
0,,love
0,,thought
0,,1
0,<3,
0,a,
0,:D,
0,,[redacted]
0,,what a VU meter O.o
0,,deve ser bom
0,Ã³timo ,
0,,[redacted]
0,,[redacted]
0,,good
0,,[redacted]
0,,[redacted]
0,,[redacted]
0,,[redacted]
0,Zipper Lip,
0,,ok
0,,[redacted]
0,,[redacted]
0,,Free
0,,zgfnzgfn
0,,free
0,,[redacted]
0,,download
0,,musica
0,,[redacted]
0,,[redacted]
0,,brasil
0,,[redacted]
0,,[redacted]
0,,[redacted]
0,,[redacted]
0,mario,
0,,[redacted]
0,Cat,
0,[redacted],
0,,[redacted]
0,,[redacted]
0,,[redacted]
0,,[redacted]
0,,Godzilla
0,,Vu
0,âœ”,
0,,XUY
0,,good 
0,smile,
0,,Tudo de bom
0,,DJ
0,,[redacted]
0,,[redacted]
0,,Musica
0,,Fat
0,:-),
0,,[redacted]
0,,[redacted]
0,,VU
0,[redacted],
0,,[redacted]
0,,[redacted]
0,,[redacted]
0,,[redacted]
0,,[redacted]
0,,Audio
0,,[redacted]
0,,[redacted]
0,[redacted],
0,,Musica
0,,pool
0,,[redacted]
0,,[redacted]
0,,[redacted]
0,[redacted],
0,,nice
0,,music
0,,[redacted]
0,,[redacted]
0,,Hi
0,you,
0,,Death Grips
0,,jgkug
0,:),
0,None!,
0,,[redacted]
0,,vu
0,,[redacted]
0,,[redacted]
0,,[redacted]
0,,[redacted]
0,,uf
0,,Vocal
0,ğŸ˜‡,
0,,[redacted]
0,,[redacted]
0,,cafe
0,,[redacted]
0,godzilla,
0,,[redacted]
0,,[redacted]
0,,[redacted]
0,,[redacted]
0,to,
0,><,
0,,[redacted]
0,,Thanks!
0,,email
0,,music
0,,rock
0,,[redacted]
0,,music
0,,[redacted]
0,,mixing
0,smiley,
0,,[redacted]
0,,[redacted]
0,,[redacted]
0,,[redacted]
0,,[redacted]
0,,[redacted]
0,,[redacted]
0,,[redacted]
0,,music
0,,yo
0,,It's free !!!
0,smille,
0,,[redacted]
0,,[redacted]
0,,sim
0,,[redacted]
0,,VU
0,,MUSIC
0,26,
0,,papa
0,,[redacted]
0,,Plugin
0,,[redacted]
0,,guitarra
0,,[redacted]
0,:-),
0,,cool
0,cool,
0,,xcvb
0,gfsd,
0,,[redacted]
0,1903,
0,,vu
0,,aprender a usar
0,black heart,
0,:3,
0,lo,
0,,[redacted]
0,,ICE CREAM
0,none,
0,,MUSIC
0,,cheap
0,,[redacted]
0,,ttrtt
0,:o,
0,,[redacted]
0,fcs,
0,Err:509,~[>
0,,recording
0,ğŸ‘»,
0,o_o,
0,,[redacted]
0,,[redacted]
0,:-D,
0,,[redacted]
0,,[redacted]
0,[redacted],
0,,[redacted]
0,,[redacted]
0,,Felicidade
0,,Hi
0,,thing
0,kkkk,
0,:),
0,xD,
0,,electron
0,gg,
0,,nice
0,,money
0,,Music
0,,Good meter
0,,mrz
0,,Music
0,hoppy,
0,Thumbs up,
0,,AUDIO EDITION
0,XD,
0,,THANKS
0,,1231213
0,,Gracias
0,,[redacted]
0,:),
0,,[redacted]
0,,sex
0,,music
0,,[redacted]
0,,God Grace
0,smiley,
0,,[redacted]
0,ğŸ˜³,
0,:D,
0,,[redacted]
1,p,
0,,Food
0,,Ğ³Ğ¿ÑˆĞ½ÑˆĞ½086Ğ½
0,ty,
0,,BBCBAABA
0,,[redacted]
0,,Greatfulness
0,,Music!!
0, ğŸ¥¶ ,
0,,[redacted]
0,,vu
0,,Mind Brand
0,xD,
0,:),
0,,vintage
0,,Hi... :-)
0,,fuuuuck
0,,LOOKS GOOD
0,,[redacted]
0,,[redacted]
0,,[redacted]
0,,mm
0,:),
0,ğŸ‘½,
0,,music
0,,[redacted]
0,:),
0,$,
0,,Rock
0,,HELLINSON
0,,DJO
0,ğŸ¦Š,
0,,wind
0,,Fish
0,,Thanks
0,,Monitoring
0,:),
0,,idk
0,:-),
0,,VST
0,jooi,
0,,fuck you
0,,[redacted]
0,,loudness
0,happy face,
0,ğŸ¤–,
0,ğŸ¤,
0,,Awesome!!
0,~8>,
0,ğŸ–¤,
0,ğŸ’€,
0,poop,
0,0,
0,,Vumeter
0,ğŸ˜,
0,:),
0,,SOUND
0,SMILE,
0,:),
0,sdfv,
0,ğŸ’˜,
0,,0
0,,thx
0,,nice
0,:=),
0,:),
0,ğŸ˜…,
0,ğŸ•,
0,[redacted],
0,,Studio Audio Mix
0,,vu
0,saxaphone,
0,upside-down smiley,
0,smile,
0,,God
0,:),
0,:),
0,,:)
0,ğŸŒš,
0,:),
0,smiley,
0,,[redacted]
0,,analog
0,:),
0,,papa asada xD
0,,foobar
0,:-),
0,,FREEVU
0,Happy Birthday,
0,,production
0,,[redacted]
0,,scam
0,,best of
0,^^,
0,Smiling Face with Sunglasses Emoji,
